sample_id,clase,split,angulo_codo_izq,angulo_codo_der,angulo_hombro_izq,angulo_hombro_der,inclinacion_cabeza,distancia_manos,distancia_mano_menton,distancia_mano_hombro_contrario,altura_manos_relativa,asimetria_manos
hagrid_83804,saludo,val,174.71095748800124,40.53751897581108,160.8114495386435,164.29781334399672,159.99629365434618,2.2816380178962183,0.5999027295613141,1.1175156270086526,-0.949632800286528,1.625199503997253
hagrid_83806,saludo,test,60.24350847757636,48.842261102027905,60.80111394890585,26.180517756209543,167.50181510024873,1.1409928080175173,0.211662784753727,0.5736895672574905,-0.3328882814898821,0.11794073064354439
hagrid_83807,saludo,val,43.51146292756872,47.95216209477229,46.80606235736563,8.610849496496803,176.7490263253103,1.106046695028252,0.5208262756866093,0.5645240781758266,-0.005338227736873851,0.45486419597852107
hagrid_83808,saludo,train,150.1497183635215,157.14168293169948,154.02274902290858,157.60023930210488,165.74541396830523,2.363933641670751,24.72446147057436,28.098439602330924,-28.151110612618876,1.0614201979212354
hagrid_83809,saludo,val,73.14316713758693,84.35243933749891,68.94159565335242,60.76001675631094,169.95604363091172,1.2194755111876678,1.0954204444026554,1.182631145697737,-0.9698457149230261,0.1540523509489032
hagrid_83810,saludo,val,25.45261557205091,141.0138790018923,60.87315987259762,112.8705367970743,137.47110737088755,1.5926878135237426,0.692003713747621,2.1007221052394307,-1.8351937836109653,0.03955476366407779
hagrid_83811,saludo,val,27.016864077409824,164.8779844698028,104.73219964584251,151.21553269655627,160.29995928261914,1.2981472679344714,0.8884943101992893,1.4945386669334944,-0.8754189618612921,1.1429757521430794
hagrid_83812,saludo,test,17.710117442924506,42.593006877291295,18.358068511301795,29.747505458297027,143.78722683847298,0.9478426275809833,0.36805775664531093,1.3326407615284748,-1.830447339863663,0.8657247288522674
hagrid_83813,saludo,train,21.120684963387106,70.0745192570521,37.812010076736485,22.243036767525833,163.46973513553547,0.28778224591239054,0.6695318843168826,0.3547224638720348,-0.1313173830891312,0.2597085512990189
hagrid_83814,saludo,train,30.940456181769786,25.398108194547465,43.21865963359393,2.4813245186323685,165.77749545895747,1.0892495998283933,0.5492122168792279,0.6425372833177959,0.023359441506835315,0.03913338020759219
hagrid_83815,saludo,val,10.283076479879654,25.896707264136232,2.3852267398851517,40.31840946148966,166.86201621332242,1.7897892459246745,1.2252053269308374,1.3398462019961743,0.3947125616953101,1.0122075259943812
hagrid_83816,saludo,train,156.46992452715858,122.91585846337921,175.11254525482212,126.89050975784247,170.89018265893452,1.2623987712008151,0.9067151139877289,1.3644143668581927,-1.9395484281824296,0.7247345837192153
hagrid_83817,saludo,train,27.99865502710192,68.71371505638807,37.333370690824914,22.71126670157549,162.8412866598906,1.8713659453018747,0.9904828588018072,1.3801773121191876,0.044818872747000076,0.6769927918015639
hagrid_83818,saludo,train,54.86432896374681,86.39479431169885,46.20308584594086,50.869936512315476,179.59876906994373,0.0775193700588787,3.2710907542888688,2.287366756442401,-0.029524174315188077,0.06795788702882843
hagrid_83819,saludo,train,179.37511786133638,137.90135511444345,123.36120321202874,104.33651059674771,161.9151856590007,0.2331538801069863,2.006953822725897,1.8311755174320556,-1.3170650008609106,0.1793478678473245
hagrid_83820,saludo,val,31.972804762100157,46.72310317216993,15.273637858289025,56.888252860265666,167.71446194226547,1.1630263241432592,0.3611061312618683,0.6432232362316384,-0.24798375433891873,0.24842270265124933
hagrid_83821,saludo,train,83.42291676582687,94.39055576284493,79.62766333954823,97.2085713774055,147.47090762792715,0.4028449965823079,0.30777101084605457,1.851326924238159,-1.8169600926879876,0.09374611056748441
hagrid_83823,saludo,train,34.60435671205603,63.59082930793021,47.5073684028845,10.273034174426941,175.12433903035986,1.9325611983164097,1.019305743644269,1.3993226969956525,0.08428660528695624,0.7164333242451035
hagrid_83824,saludo,train,56.01338073395474,15.126895390538136,17.53378957469153,31.791906970875942,167.1725032671217,0.3843837449029442,1.3625970330091606,0.13040295177056355,0.09248023764953794,0.11702429320837088
hagrid_83825,saludo,val,36.96834973552598,61.40772338584628,37.052523188928,34.73295647194837,164.87208497773955,1.6908248112611108,0.7068266855641498,1.9971488484830577,-1.9069422010101382,0.4558596253159766
hagrid_83826,saludo,test,151.81039321436123,22.935850073028426,86.72507546254135,26.46412299419641,179.2311473369465,2.599865199667585,0.8926407029394972,1.3183874378022018,-0.10252282323271326,0.16679312503142232
hagrid_83827,saludo,train,29.286838873556995,160.22059989425796,25.523469699224954,14.172101379214814,178.9616738823665,2.1256573480204506,0.978361645371667,1.3642988380984937,0.6154339296823527,1.1119911704054437
hagrid_83828,saludo,train,73.89648137549894,113.67169288928152,58.640955019177014,61.96416817775637,176.11072778348597,0.44608752283895975,1.2556092726754906,0.5671452539267896,-0.2275005487743812,0.0541553096236208
hagrid_83829,saludo,train,37.84486180658115,60.51956871437133,38.952487625927255,2.5872160001634485,178.03248529378675,1.7701606617136747,1.0013846997652167,1.2975570522243702,0.3318655960617835,0.7866881553607364
hagrid_83830,saludo,train,128.84295589863936,161.15034631546865,139.20601620584287,158.45532086171508,113.26852629867797,0.7630091233996108,7.616214117788683,7.3874432992653745,-7.893278396747817,0.262715887574229
hagrid_83831,saludo,train,59.698133544907485,29.67798064716867,30.52211310501197,57.97457807226288,157.81159792714982,0.917918481495284,0.35569725622654735,0.5426870425375276,-0.14329207784644396,0.15686870526188093
hagrid_83832,saludo,train,14.945254489217827,173.2184027650786,32.45719223222982,11.751867631412107,161.18160407949486,2.1983930046842164,1.0669622041541955,1.221626547819306,0.6760921594404402,1.65964193402932
hagrid_83833,saludo,train,167.66213986641057,129.33611901707997,171.00928567836968,154.23194224016476,143.51415185894015,0.4289601539799898,3.698034254489326,4.782902857453173,-5.119860465811666,0.24848163284935776
hagrid_83834,saludo,train,64.35857621651537,38.03801901457289,19.284716861015706,33.77557452123611,179.39552058744263,0.5842839896004125,0.9896733550227224,1.0788519794588958,-0.5696779675998067,0.5708428796237739
hagrid_83835,saludo,train,153.03529948639542,171.73995455857352,124.21909557734956,128.364004007018,144.1596158356355,0.2803480126735516,2.415050677439617,4.42342645012246,-3.4453743155865615,0.06139539540850284
hagrid_83839,saludo,train,22.054721561046527,92.4773067364571,17.115684241478743,4.2855405273872975,179.076230725773,1.2954096284576224,1.1026938862374844,1.1148715447900968,0.4702808466462081,0.6895556733395358
hagrid_83840,saludo,train,172.1330790590955,166.4716491825729,175.34207970760238,174.31107708784526,163.96131230396708,0.563668107036798,4.248398535920188,5.692521603657877,-6.171545298852979,0.5531818129491178
hagrid_83843,saludo,train,77.42209107009546,15.95549583937907,12.645231212725848,17.57954532848403,178.05223896129755,1.5581415004122674,0.8858525136962093,1.2724574918477063,0.4842027410581243,0.7872351481247135
hagrid_83845,saludo,train,30.53580596464002,165.61354610405706,52.058052261452445,16.403648982952426,170.27762423279447,2.3176363334413397,0.9073597116212748,1.4025570477291802,0.6846693457236762,1.6336006089366388
hagrid_83849,saludo,train,131.32704563655386,89.7350374078581,49.8041390198871,20.451575273791466,169.50385428958566,1.3457399839085495,0.8817411904805491,0.6426625559799225,0.4655927329056918,0.005435548767454016
hagrid_83850,saludo,train,32.85097327950063,164.0227946958854,48.558199799890765,19.830418239888896,166.60815141421907,1.7528846944015253,1.0440020597735318,1.2691397542533767,0.4873238629219687,1.3651821638768225
hagrid_83851,saludo,val,178.37252502307015,124.86067859256814,171.32810540176382,122.19726057839566,136.62911414739773,1.926575449072983,2.534308797782579,0.5401934188948977,-1.9009160272743282,1.920261703247088
hagrid_83852,saludo,test,148.1288858161853,160.6357822287625,154.27060539979118,162.70502771658704,176.08106935737936,1.0108825276938875,0.9500158394246753,2.390008131217599,-2.3524160185130745,0.35975076654468224
hagrid_83853,saludo,train,143.22241946864077,17.171839668115346,152.90556445864414,148.09049047547472,170.5596058485353,1.2682354342582098,0.6593550578329566,1.2117065533118865,-0.5270505661984611,0.01792283928771058
hagrid_83854,saludo,train,4.31422111704191,1.7216800062104438,11.40369233101777,8.87362785815777,142.81321241354962,1.1498339117694878,4.369750784432072,5.618239918139578,-6.4731344310096,0.9573336565341
hagrid_83855,saludo,train,122.11491412077027,164.02593657121332,44.619995829552515,34.30599740182423,171.97297581946805,1.417166083447384,1.2046256768093981,1.3305938683438463,0.7054015945673822,0.047102933183078184
hagrid_83856,saludo,val,172.39569065316877,172.83987317873755,179.32251995811845,158.9454888512167,128.15193767219066,0.586010202118592,1.5023682690933309,2.10399870032034,-1.9358325378531358,0.12837269049745
hagrid_83857,saludo,train,74.43086158265369,117.23599239722661,5.661683624455251,13.174857496041412,105.42626329954224,0.0730854752553622,1.678042438840639,1.9022535768200721,1.3227604941102835,0.008518890231974913
hagrid_83858,saludo,train,161.38705753992122,168.43121804375843,166.6640595039453,171.60327833603944,174.69783156598882,1.1608626732846536,0.8158276825062467,1.5273744027382061,-1.2760706774485404,0.23285953454956482
hagrid_83859,saludo,test,170.18842051933447,5.532855496756371,82.9931469738866,141.92370625969457,127.35465920217696,1.8387623812821587,0.7643868672194111,1.634925307608984,-0.34441342127662977,1.7148852442676359
hagrid_83863,saludo,train,94.10760351278729,52.73819508425186,126.23546206779724,62.67162496757509,169.80964720369363,1.2661610566916124,0.7156592693353873,0.7459534092121596,-0.7599802756031447,1.0075334549751676
hagrid_83864,saludo,train,151.10878984164506,157.50577415008064,162.10549013291214,164.29780644856743,174.8263097344253,1.43573429774338,1.587948933120339,2.1172728480587124,-2.03926519324779,0.3515234736973273
hagrid_83865,saludo,train,106.24284670232939,63.85196840268834,147.08507356529194,165.77154671161946,155.171640719134,0.8402805022793853,0.24274791254952524,0.9789511951462264,-0.6972723806779711,0.4137999006027409
hagrid_83866,saludo,train,164.24004319487818,136.0779193569997,144.13442279433434,133.31877308649214,170.20137491386976,1.0622040571715998,1.6582572957543116,2.6462282948092093,-2.2170683561524696,0.174928638334541
hagrid_83867,saludo,train,43.192565272327144,143.1102714184479,49.306535335579476,21.18907256746848,172.25355632058964,2.093421519014384,1.0420599972291433,1.468642899562524,0.2950857620403578,1.1216364204254905
hagrid_83868,saludo,train,150.91233796503346,122.56586736259914,177.56437361765046,147.35544989275678,132.13611095370013,2.9111808810648028,3.2655604378421996,4.2258431171260735,-5.334018893063923,1.7966755818296225
hagrid_83871,saludo,train,173.16633825373242,165.03661598452612,168.66577347072987,172.38925561287033,154.46913463527147,1.017841241913735,1.1820352931249443,1.7194564418099723,-1.4385766534130364,0.3607016948049972
hagrid_83872,saludo,train,171.7482780076504,102.8769060532436,63.901463264951914,57.08357845291256,154.96067215945683,1.7144056642818397,0.3567775921395777,0.8313378377506137,0.08974750440908622,0.7289568644929407
hagrid_83873,saludo,train,153.28367420847965,125.17478785593113,98.5800550573527,113.68257813645347,166.4877075232691,2.1768034951069524,0.990892700562765,1.5752291194758483,-0.26806513425078093,0.48025933241457225
hagrid_83874,saludo,train,26.431158776089053,9.713992985898427,69.3167740538373,78.66286932946443,161.58033921550555,0.8529019988909882,0.4943072483869557,0.7993491353034369,-0.14557161713958436,0.032642905093553685
hagrid_83876,saludo,train,56.590543313382504,100.74424949959085,164.4797922509542,178.4823437497885,59.857243745058575,1.005344115826926,2.177336162285875,1.0458395318032176,-1.4014090752602495,0.038415526477248926
hagrid_83877,saludo,train,160.39949823921546,145.72203150319683,167.16829225532632,179.07564474477314,24.305505445952228,1.0711697062005545,2.581613201495206,1.9590155927723152,-1.8856032957729725,0.4421673441902853
hagrid_83878,saludo,val,144.2549620539901,142.7245387629986,167.6987189466518,175.23141528073702,156.14085406963483,0.6656712040263114,1.0519913538652392,1.3422982163061725,-1.9745125261131666,0.6654569514478399
hagrid_83880,saludo,test,49.613522064324265,28.09989578275872,5.883807325774789,21.803546460000398,172.15130514919537,0.9248738583131877,0.807247680828904,0.6347795670456345,0.2441998238955281,0.16585435307507673
hagrid_83881,saludo,val,10.622535454703803,20.79319339966806,51.47615393880847,10.524506667619697,152.42362719850905,1.8539159264666787,1.2985095440529664,1.3710524654221359,0.5869009296581643,1.4132738092758728
hagrid_83882,saludo,train,20.72004506735879,17.569935342513745,26.137295869329467,20.904400479598582,159.2518615449386,0.550054416692267,0.10326972454238884,1.0252133423591574,-1.3426020408218677,0.5277364910486437
hagrid_83883,saludo,val,113.36981403966185,124.6139054294296,74.95840512141174,62.32472544486041,137.9226850394108,1.166452852719675,2.018309296642411,4.85710553582683,-1.5735312322183552,0.6154016862410094
hagrid_83884,saludo,train,67.24245035003095,56.250329789963175,69.3466898232655,42.71682347716365,157.99713533498223,1.227768738283961,0.27952667465931297,0.6141212490559033,-0.4348943640053162,0.26551334407941335
hagrid_83885,saludo,test,38.634959430234446,1.6044257340683465,53.02721223111559,9.108891851888197,134.26640734270126,0.36409414970560594,1.9066763233702826,1.4775196751843158,-1.8970706923755511,0.18785912622496934
hagrid_83886,saludo,train,30.124221442111686,169.1490911697905,54.793690039943314,0.06358996101288142,168.28639284676441,1.9353350667993399,0.7833418370214377,1.3266812088067723,0.4813243751855702,1.5005507582256623
hagrid_83887,saludo,train,77.88098529622305,42.33953610714672,50.496572808665384,44.62134660351417,169.92551991626812,0.32471623533669175,1.2113444281532626,0.6799459449097356,-0.4562294577537563,0.1433141506042571
hagrid_83888,saludo,test,26.74415233887952,20.60398520572642,36.257586245195505,94.41350352644783,127.53144817937607,0.6047974511443344,0.2551575287888997,0.6646428430249669,-0.3055556139149179,0.5563982971100822
hagrid_83889,saludo,test,123.2305940033675,102.38942122283714,89.16548736469949,28.52915248195201,168.80112687532446,1.5504708867484402,1.3998156583013437,0.7005723165956458,-0.1984627484442847,1.2772581010052686
hagrid_83890,saludo,train,101.06039691844292,171.6314641472319,114.92464757364162,162.21671435281522,138.00227115702822,0.5191028430090436,3.8499876643847655,4.137200224311044,-4.088918433619143,0.010995064938205273
hagrid_83891,saludo,test,31.26413810067619,104.06822473569335,4.150978676522665,122.78177107084538,159.52789339391072,0.43210125855777587,0.33401561778882743,1.2175839089019982,-1.4676876672402663,0.431831680957475
hagrid_83892,saludo,train,17.100036882503733,52.56020909970639,26.540025290651297,81.56268253729523,151.55245843786676,0.9571597370985067,0.11719382476785388,1.0100618225773135,-0.6237629006604828,0.13436245585118137
hagrid_83893,saludo,test,104.61865606794007,90.8605733998138,77.51095270562365,72.28336929065405,162.6864409857752,0.513874179478917,1.5885474918051175,3.0577629278129392,-2.1807864309229927,0.018640811958407236
hagrid_83894,saludo,val,18.012390844457848,47.27990776971718,14.411330753331852,52.19735974269806,179.01390483550458,1.7297244504745002,0.8172868736535057,1.1311262049942838,0.0050482969310008665,0.46175435368840934
hagrid_83895,saludo,train,38.97714659467726,30.23285361457162,9.793136193070564,60.771412638237834,157.5739038523654,1.2489023202063365,2.591617516641076,3.1669289539368566,-1.4378508617129953,1.233843467057926
hagrid_83896,saludo,val,51.26757393718037,169.45009332369938,56.09725930197958,19.354845174221623,178.9393918066494,2.0954000809770865,0.9338145816238581,1.4555059182647019,0.3435598626819297,1.2718062651033848
hagrid_83897,saludo,train,113.94112530279286,123.20677695478193,160.44675670125932,76.89725052650658,115.77424824742428,5.1108550646366036,8.031303475431676,5.534606551431067,-3.3160989860878862,3.3083525543798276
hagrid_83898,saludo,train,94.81011132166262,94.3699426868544,110.1928220487484,65.0173104791395,134.84673398799663,2.4072184360032787,1.115404228375618,2.2869342167521602,-2.0692532982634706,1.2672068570655277
hagrid_83899,saludo,test,171.38713720173286,176.4314189746455,138.92698881021784,175.79173084297432,155.72205200950754,1.2911810863269666,1.5856808304894408,3.8156944091313942,-3.6089621959472318,0.09082751578200464
hagrid_83900,saludo,train,173.98106524260763,120.42655328581121,168.8308918404626,105.72747965132264,145.3675785917439,4.582943527966187,2.4717331706225307,4.994422785347238,-4.226671836109714,1.5333929198279068
hagrid_83901,saludo,train,174.53328108722226,54.06792178371791,4.039853143981028,63.642040757362956,172.23883760899471,2.5450128269243497,1.1287733969062266,1.5955268971127468,0.45420015764847566,2.0518621134067523
hagrid_83902,saludo,train,46.77399615052673,71.36523220805132,46.21496837610355,63.34243008340683,178.52666547037435,1.4259667218507663,1.0002002999375175,0.3361664784216439,-0.1114343138563988,0.3592448810793644
hagrid_83903,saludo,train,109.26321448171802,58.46556785429661,80.94014776460546,75.12050962021586,172.94748524564866,0.7211087934420214,0.06646396810992036,0.47944111260728395,-0.21791249258243656,0.07269189526378561
hagrid_83906,saludo,train,126.18485246952031,135.07324238833309,80.15530285356044,94.71658637303294,127.17939548377815,0.9366462894239997,3.5154939262025064,5.4390934103303605,-2.7030237296823976,0.8900821515734356
hagrid_83909,saludo,train,48.5807001585666,25.405140485692584,61.03097772864044,9.628204564211805,164.3971241607323,1.56757541922345,0.9226702554983728,0.9791073629058172,0.031154453358114252,0.5764852206904132
hagrid_83910,saludo,train,59.70199034226432,102.2796013121341,67.4364860446007,67.82727427618764,128.530802785677,0.08514460165198653,0.6741046597787648,1.2397765283009565,-0.7072205025535955,0.08440815298948517
hagrid_83911,saludo,test,29.809018998324305,18.198610636527356,40.73222368203518,26.688427177489206,141.1872997464766,0.9190415040908704,0.4655709619436224,0.5680483273175934,-0.07908212424765432,0.12857828300959948
hagrid_83912,saludo,val,105.57487082950105,49.342027155910735,87.6303377063538,47.946115643513586,170.97658169561288,1.4299125678896485,0.6153289788855258,1.0956778965039917,-0.537275463701464,0.5472963442658527
hagrid_83913,saludo,train,52.0168400206001,73.34293484610149,35.6438888860909,22.615458373983593,176.02393149137026,0.8726482544738667,2.442822714099237,1.1163172420550456,1.3476778115205654,0.7665233357283884
hagrid_83914,saludo,test,46.02137130155409,35.937705049323675,50.46259009184832,10.618470260417892,176.96361971435115,1.8878498340466794,0.8831327124170523,1.2967664282593871,-0.010893498225574717,0.492978611237221
hagrid_83915,saludo,train,42.541800641119686,85.35438278562268,46.79371636023087,1.024278801414476,179.7404633102984,1.6256222487021723,1.0977269593642993,1.1341894685142726,0.34386991265809674,0.99468749401583
hagrid_83916,saludo,train,44.66344909003377,86.47317335744124,47.385906112478736,49.12925899365099,126.95023476697129,0.06993187065929218,1.10449487881867,1.3469210286571793,0.06114362307784928,0.034295455583010274
hagrid_83917,saludo,train,79.03668720241035,94.50100601080288,66.17204565181659,93.94410185811918,153.45539843097575,1.6963213126760812,3.971512993995225,4.734617576902871,-4.45505621201243,0.1832303628331975
hagrid_83918,saludo,train,177.40491534682099,145.9830896535346,170.08707517269374,94.04700210987058,155.92737605282923,3.7142586368218855,2.2546545257618993,2.854527553469656,-2.057931807458835,1.952681420240565
hagrid_83920,saludo,train,48.162288404637486,77.58426761994727,47.97831529533887,26.6911517111468,170.77881765686098,1.2485896309255684,1.065260568467828,0.6268889918867474,0.15806732745274463,0.5677095463681884
hagrid_83921,saludo,train,79.5932620927923,104.5212870883577,62.013543850678175,73.15040411355695,132.67055570237943,0.1647516564183808,1.9074884028917183,3.7382209870772494,-1.5830529275504688,0.07691944710195917
hagrid_83922,saludo,train,57.53641317759744,104.56116475826177,64.11570702729952,83.71836771040653,137.5956980820254,2.368610056878849,2.032077582807756,6.08744715415673,-6.247424438463048,1.048339080015531
hagrid_28032,pulgar_arriba,train,171.04889768543427,10.656930814379235,0.9956252197877706,44.96498537823704,167.2445867380617,1.5531601804511685,1.0151220149640627,1.119133609686951,0.8403701484847061,1.1959588632166815
hagrid_28034,pulgar_arriba,train,158.26266207312244,6.726887183400475,45.6770428050078,134.24215192379057,92.20617848816981,1.9769988520820376,0.4481212530001971,0.8517714277135278,0.5307783359606097,1.680803937812886
hagrid_28035,pulgar_arriba,train,70.60394831489809,66.49164122140343,32.74230437096181,42.75841681820759,59.88026804992175,0.5156570207550273,0.7782389012139828,1.4461355272494654,1.237304821590932,0.21836782453450457
hagrid_28036,pulgar_arriba,train,171.35079052140847,172.43074042654231,30.914010039202083,38.84830107562202,18.131368438534015,0.7151774970377072,0.8930470763972229,0.4636986866277873,0.9873609302711222,0.7022704910446329
hagrid_28037,pulgar_arriba,train,56.30939157945218,7.256345533748081,22.616900852720278,91.8527529044836,28.1045777406689,0.950636873897639,1.2182420588277847,0.3536692404421002,-0.0008216958807106946,0.557404478959222
hagrid_28038,pulgar_arriba,train,174.1301140971646,5.9832415052852586,173.4954842710727,173.86041210108613,109.44620962656866,0.9735788392046327,0.25901833515299966,0.30231558803616304,-0.7120165081205365,0.9735358425332948
hagrid_28040,pulgar_arriba,train,17.46426926050149,148.24074648692445,67.40677644485159,26.420936237730263,171.11106876592976,1.92201657485538,0.7297915242025169,0.9760813574898184,0.9481008226782404,1.4165575377507083
hagrid_28041,pulgar_arriba,val,82.38642826849485,1.0801252853291163,1.748429567616925,50.368161365383024,175.44142084207357,0.9748498814987016,0.5682390684639712,1.0077320355940629,0.3880734212545624,0.8372464729192601
hagrid_28044,pulgar_arriba,train,59.179943743883264,2.234559586616487,3.9435213508438816,82.68747772242398,177.43457949305838,1.2012074777996347,0.720751698489722,0.9604772924549618,0.17660099123908587,0.36682508052190904
hagrid_28045,pulgar_arriba,val,141.22887012103544,56.95331962413168,22.549527600490787,22.30505592629587,174.10753803282094,1.1654503646100034,1.225292617325857,1.1747564537081243,0.8704548504913289,0.3128078935086669
hagrid_28046,pulgar_arriba,test,153.7850476802098,29.265450424390078,11.137515082548907,36.27966145610249,171.68556021821902,1.331286022056465,1.1657901610557704,1.2687464137593258,0.8052091674569833,0.5298701937412965
hagrid_28047,pulgar_arriba,train,94.80446238597499,22.872354415081023,12.090199393501278,29.81598783821211,179.5890692496668,1.1847080781230725,0.9171875013539104,1.064616440962875,0.644814739501904,0.40642262685572333
hagrid_28048,pulgar_arriba,train,26.698830706954773,78.23792885182057,37.367730231510386,4.414824097329515,152.39451980335835,1.0282237625151396,0.8240982939128455,1.038462105828551,0.5993893863503125,0.06684473858527525
hagrid_28049,pulgar_arriba,val,37.08947379436632,1.1941124771374694,1.5082316655595187,47.338102470626865,164.0250309500388,0.9348593720582677,0.588973277912871,0.592745144424746,0.19039504091376133,0.10289258261497872
hagrid_28050,pulgar_arriba,train,166.81358242517666,123.81404721532896,13.914089550922474,22.55192587230051,167.94491576282567,1.354150039667952,1.4009342362291266,1.514497659099395,1.1172360192914497,0.2553413708475169
hagrid_28051,pulgar_arriba,train,107.78705646277768,143.66381281391716,150.6082549563472,171.86230826083806,151.09243264866853,0.851509254189117,0.6091624025031621,4.926798554973288,-4.880944775417781,0.6547583452789925
hagrid_28052,pulgar_arriba,test,13.422625605177679,46.27504524864632,63.03253932102965,13.496018006157973,165.89545764953965,1.093529064696368,0.7724082159535065,0.851607530648323,0.12252573286624412,0.447753711717965
hagrid_28053,pulgar_arriba,train,25.81417182869233,53.32418149255363,36.029986308651935,13.10051599191482,175.55034765453811,1.105498288950418,1.1877260149578632,1.2030464250198722,0.6301027349979177,0.16811835214541518
hagrid_28054,pulgar_arriba,val,8.987024770965167,95.20118887777421,48.68836362299515,29.095929455357417,179.09247511481442,1.2284641135987406,0.917972522547652,1.2344745675195752,0.6225875078199085,0.6439520115602377
hagrid_28055,pulgar_arriba,train,2.768484127226154,14.155300208718641,1.1269127253136126,49.50226652136537,149.89673196474232,1.2635089467328746,0.6096003110196917,0.969488361912953,-0.03892914875050695,0.1168228451633383
hagrid_28058,pulgar_arriba,train,49.9592570422797,25.756548108408612,5.396727675014335,23.057270117754392,173.0120500743242,0.7515156864755972,0.7500036965513229,0.9732750318470088,0.4693704790398735,0.18241154706900345
hagrid_28059,pulgar_arriba,train,22.580776763728846,23.000582091561125,12.79813111981922,43.67570226539385,177.27739392793663,1.0458672939910831,0.49418064837893483,0.7669695195794992,0.3745725040589066,0.5686259724541501
hagrid_28060,pulgar_arriba,train,173.6180545747093,15.449864856612866,16.50407789824466,62.89367733002348,163.40106772464782,1.9252212893219305,0.935545835200068,1.129903979579704,0.8245656059278588,1.1120390743656088
hagrid_28061,pulgar_arriba,val,67.85592681473646,38.91562090333859,4.534534679795727,47.92210363159288,179.271292346569,0.9736333073507746,1.0702497504714783,1.122517051242928,0.5846875219076966,0.10903748623893032
hagrid_28062,pulgar_arriba,train,1.8054019876524914,40.47334303237475,40.342583486709906,20.306546839306385,149.58910544034654,0.7328250359884045,0.7309628882059106,0.5758239228407313,0.216272955051787,0.09184190706920813
hagrid_28063,pulgar_arriba,train,71.97499692884071,55.960592745732065,29.257365958582522,19.32080316729694,161.14315363980614,0.8733889584851514,0.8241415730207841,0.8822171668204638,0.6164698239941357,0.017964179071996027
hagrid_28064,pulgar_arriba,train,10.556019698005656,0.058535092693426966,23.677415290971766,54.58110500221288,167.40843698117743,1.3819541908817814,0.6853517006747674,1.0760718358493824,0.22263067004551734,0.025836324103053494
hagrid_28065,pulgar_arriba,train,169.43097830092137,14.453991108743606,4.529346145922391,23.950160321963377,176.23320056462993,1.1858209098424213,0.8494462077375758,1.1116466399568492,0.766600932544625,0.7633902308993378
hagrid_28066,pulgar_arriba,val,9.256942449988202,76.29902093923155,64.02985077289702,21.38354551080397,168.05010341661543,0.8753795053491125,0.4665151127787294,0.7868844196918986,0.23855780880813718,0.25916111073631176
hagrid_28067,pulgar_arriba,train,41.51201368627872,179.46362049488556,41.06272435056531,16.459489362564415,143.88290572933806,1.2846545626927168,0.7758946234875452,0.9826748088148599,0.7831756631973918,0.5592165853106554
hagrid_28068,pulgar_arriba,test,35.41513899164061,100.4334453584072,20.63836723785399,18.188770640390114,164.12283305687038,0.2543742475374032,0.42391250120740215,0.5149621802722877,0.3043340892207639,0.11738501661058522
hagrid_28069,pulgar_arriba,train,33.39658478315909,86.1432036728245,44.76711655707318,16.690596279980046,175.05731661271503,0.4611596346343268,0.7002501490533437,0.5806944516868553,0.44463710594054745,0.09537181038011648
hagrid_28070,pulgar_arriba,train,43.72400826227032,20.502581456194694,36.473665380625974,22.2158822886416,73.8921359547995,0.9185975147984138,0.39391332749254254,0.7204034383441145,0.5238726495675066,0.29777741153473736
hagrid_28071,pulgar_arriba,test,178.75491973421362,22.320814273542197,7.115521747794169,65.45495543315525,177.94369281447317,1.4333295970412945,0.991520531348893,1.1497855071198002,0.6044836869005955,0.7032423869910605
hagrid_28072,pulgar_arriba,train,24.953360641589214,168.85350480407237,44.66328896394059,15.113009571476766,170.4170373405773,1.3633324260710757,0.7706341212660979,1.0346292748783161,0.7376956476689492,0.7149756987052296
hagrid_28073,pulgar_arriba,train,151.71561492308086,89.96196405643722,177.0823174628287,125.94742897431907,156.80177414671203,0.5001660583163081,0.6692064405855702,1.0777361252902504,-0.9088371550691082,0.03005772054027359
hagrid_28074,pulgar_arriba,train,3.8193211999858394,137.18921682606975,43.34859123572623,3.254963651139033,168.16133100783767,1.2615269241991371,0.9480728204235999,1.202353169091574,0.5135415527776529,0.7737886655477336
hagrid_28077,pulgar_arriba,train,13.833298714444842,169.3502052533643,27.87230609605413,12.298500334339359,173.57166881569628,1.596512427972657,1.0121117651808986,1.2659271767833822,0.9304970021910673,0.8491667833383754
hagrid_28078,pulgar_arriba,train,144.4967009764454,171.897478480622,139.12422915866202,168.3365696846666,149.00493263045672,1.275884002989863,0.96899879005334,2.1648897157101143,-2.0409650319929917,0.3439552325813746
hagrid_28079,pulgar_arriba,test,90.39847516130541,29.11003857677992,13.549054533746414,24.94176316905386,168.74322844647878,0.7823541861868584,0.5916702892965403,0.8014352511155313,0.5088664355705542,0.5324914462708136
hagrid_28080,pulgar_arriba,val,10.520178083125137,175.83140018452215,77.19233189061856,16.539983567423413,172.253881724975,2.056932324750627,1.0332297847777774,1.2988640012770307,0.6869015489056274,1.1631058194861372
hagrid_28081,pulgar_arriba,test,126.1035288215174,19.51645992194599,12.56678817998866,19.216120609279617,179.73531618810156,0.7468282802553365,0.38044290526796837,0.7786408317589809,0.3762159975250617,0.4878400731722925
hagrid_28082,pulgar_arriba,train,18.863204340416257,16.74345317184417,13.53078750195932,63.07080519342519,172.47819572006722,1.2438190122150388,0.3785655525742608,0.8468391017503882,0.012620915569312795,0.20917606959253784
hagrid_28083,pulgar_arriba,train,79.19764375298736,33.40297105289943,31.0157392279096,41.03648144364496,177.96778627342525,0.49268358277456503,1.2961747476744734,0.6155691772216368,0.46847292753694697,0.057118612549153874
hagrid_28084,pulgar_arriba,test,65.12891189724168,9.363249212412205,1.9133316756382188,33.33470643867123,171.32963024974774,1.0735803545404765,0.873057179839023,1.1012858831772145,0.5227442259869909,0.31027002078905624
hagrid_28085,pulgar_arriba,test,34.83185271288381,62.45427530493824,1.252992229968591,82.70469986301235,179.4510766411048,0.64219951664561,0.05013151966528315,0.71927050728285,-0.5044830237845773,0.03597479474703759
hagrid_28086,pulgar_arriba,train,108.02081733531473,94.58684812327033,65.25249154567145,26.04372107010525,103.10365707913024,0.4042572724010692,1.5779425731833563,3.811734073092865,-0.3840072495269514,0.4033346906299665
hagrid_28087,pulgar_arriba,train,28.907723443599625,29.980188406805073,0.9030649453534813,80.24212747328177,164.93806564517502,1.257587002631207,0.5202258687673894,0.9096126561440666,-0.10462031338918888,0.6826209634680734
hagrid_28088,pulgar_arriba,train,175.1296906541947,5.933374133060423,0.2624300632205451,32.60467480667657,179.47137608147887,1.5059588451127313,1.224748449477177,1.2917583239230657,0.8979014120504555,0.9352978246731188
hagrid_28089,pulgar_arriba,train,20.076943233895697,9.563726291842658,24.610143426984816,40.53173634840874,175.63247749664725,1.4430284744994908,0.7595954926493055,0.9484339782506255,0.38614483396961474,0.3489069625672089
hagrid_28090,pulgar_arriba,train,23.62663492262387,89.77927266574117,73.81902846943022,6.1454310355447985,166.69203880471758,0.38365647980927714,0.586076108884001,0.23480124078749165,0.11179041074419246,0.2917461874715538
hagrid_28091,pulgar_arriba,train,2.6341921019732486,152.4484329214445,54.407176574639266,23.94583612049422,174.99682029077033,1.8387091571610128,0.47253157341782565,0.9871926463441851,0.5813522689113503,1.3245021268581583
hagrid_28092,pulgar_arriba,train,0.21742336157070605,76.28772504383903,45.21689419942027,34.87611462157971,149.4466895927105,0.5012147746173286,1.0816684273669168,0.5077929749177525,0.3162746592143832,0.17452391554690913
hagrid_28093,pulgar_arriba,train,164.65121583525496,18.63211326185634,30.166201080508035,38.1731473804914,179.78049821540614,1.7524346292565456,1.0071508589083558,1.188095731783909,0.6411801640217927,0.39378083293891564
hagrid_28094,pulgar_arriba,train,99.45118116477795,16.28958807689363,4.918560077471951,28.069763784086984,153.49111723859735,1.0022288549463778,0.4810087257634457,0.825545925182237,0.42590174616499554,0.6179244530610318
hagrid_28095,pulgar_arriba,train,62.12279005933031,2.4706461848694667,64.54429970904083,76.87173705646399,165.60808875787222,1.3534114121493521,0.6238712360463168,1.0140521550875357,0.13025951966795596,0.2738554594283242
hagrid_28096,pulgar_arriba,val,117.35845322002746,61.18976199568364,142.04409924753492,108.3473893262733,137.63895096982117,0.8227135760277073,0.9892911592515424,1.6582081860622373,-2.3724580953519343,0.8106435211492704
hagrid_28097,pulgar_arriba,train,179.7354332648205,28.19183581705563,10.915451994794008,37.1431807655755,172.42305405412583,1.6454775556013792,0.7124380685032359,0.8447299646296539,0.9082596746448641,1.2301142285375495
hagrid_28098,pulgar_arriba,train,39.9083267189931,4.618731919524517,16.90206257488009,15.664712305461078,177.27451971059654,0.40225449454637324,0.19041502630806595,0.7411241887554189,-0.47754011785176564,0.02576488232005934
hagrid_28099,pulgar_arriba,train,18.32103621111524,11.960584299745669,38.52904381439531,16.41286544148683,169.37199356574277,1.3810689037425135,0.7274740392039686,1.1358697354221017,0.1019191283702283,0.022869181127951083
hagrid_28100,pulgar_arriba,val,172.47070203058624,174.3066921713438,14.401370582099053,45.54445896719802,179.36843588276923,1.9356491151317743,1.5603345744635913,1.641604151107661,0.9267320120449949,0.40986417364580763
hagrid_28101,pulgar_arriba,val,178.48906403043128,36.04491460414841,17.578783204060514,31.119853384022733,178.64106506986425,1.5130533638920545,0.6896903793397889,0.8516042844976667,0.8684825792694482,0.9596532091759602
hagrid_28102,pulgar_arriba,train,5.294385966693072,1.6774455683838492,2.147669088233615,54.677902534466284,176.67465329997546,1.2864253644844907,0.8497029274258108,1.166173222133251,0.3689741376930399,0.47567701185952904
hagrid_28103,pulgar_arriba,val,28.429381759198215,88.59291313691804,35.09719254091347,21.124032080108556,173.37275556026194,0.34180099122226515,0.9814210715173489,0.731991975988943,0.6560515250256038,0.0668739982656379
hagrid_28104,pulgar_arriba,train,146.37709654938968,27.73105630099858,67.40064460642836,76.68196083593668,176.13911691026297,2.3527974005514354,1.1091758504740572,1.5479656218316185,0.20433818113417604,0.4972214090759286
hagrid_28105,pulgar_arriba,test,52.96485124375543,7.745380461693511,12.51614505057894,51.28288540350602,177.12222647900543,0.7706857511628096,0.5744371151321606,0.4631641843770772,0.10139601563580683,0.005420584834080095
hagrid_28106,pulgar_arriba,train,4.419127733858696,11.231045012564328,21.722815379474945,45.65855547398249,161.5735646018501,0.44732905617230967,0.40448132134970266,0.7171685635533839,-0.6356933047552824,0.3598091802735596
hagrid_28107,pulgar_arriba,train,33.509644033850876,44.38828808902591,11.22777131747257,23.38892976942601,102.38986727767745,0.8571084394845125,0.5922988469578316,0.12823126594442558,0.6464765390337246,0.8289409617977439
hagrid_28108,pulgar_arriba,train,16.06610406082976,128.52056000168358,48.098950505855555,128.59636612817525,177.06260755179926,1.6021991781957439,0.5890449477339142,1.0658424590389117,-0.6825895597786503,0.967675807251348
hagrid_28109,pulgar_arriba,train,36.71687146348031,74.6749600474596,59.83086375858886,54.92192387562842,158.87108445777866,0.5061915558162668,0.3035172021091997,0.3668502998206687,-0.4612633142308503,0.0874238370452651
hagrid_28110,pulgar_arriba,test,17.04440327622473,16.033695910626466,2.6833972553752097,67.52458101892367,170.79588533455248,1.1297545625042484,0.11142674013476668,0.8056389359787244,-0.14691138850265256,0.05614181747007834
hagrid_28111,pulgar_arriba,train,64.94879094489127,21.54745983443733,102.01352255267142,88.71765811514096,159.42311153216562,0.8295376019580281,0.2766773969437555,0.7446736628331561,-0.5422046572931285,0.27980772075514126
hagrid_28112,pulgar_arriba,train,154.96159494748917,137.53019450878548,127.79551432418963,157.37537443586626,132.51963439826835,0.5543390680394878,3.042953901742479,7.236042819193057,-5.700484806279553,0.0015910539947045909
hagrid_28114,pulgar_arriba,train,178.48970493111193,18.774064770772966,13.049893701555758,37.14285325919614,179.93590713433613,1.8336206227575458,0.9036299301111043,1.1430765714437652,0.949131869870194,1.161670922471827
hagrid_28117,pulgar_arriba,train,171.84161075852035,16.60710079185273,3.446369758684866,66.86464389792965,174.70355458175266,1.8754218466171761,0.5912909145508362,1.078150488220119,0.42334104130241534,1.582344641885247
hagrid_28118,pulgar_arriba,train,1.3399709071425647,28.970168201592564,62.98696651055335,14.059627678946509,169.29848307242463,1.0099746321058518,0.6541689004544138,0.7992987764955664,0.11417485906011247,0.12203911890496617
hagrid_28119,pulgar_arriba,val,37.78797872699965,13.05049680995342,6.884322620548439,19.149340565947735,177.21697681687925,0.837931450158151,0.6035047001144679,0.8662689464973438,0.37600996124779945,0.059681668883809456
hagrid_28122,pulgar_arriba,train,3.5911280917738124,132.40723824387075,50.06840661554284,19.409896197011165,174.0867355232263,1.6135735495317112,0.8542638653333648,1.145961005214665,0.5782546293246725,1.0714227170198667
hagrid_28123,pulgar_arriba,train,47.55518934538831,43.73990433973215,45.49557326809562,16.94676652996136,165.66025493231393,1.132260670634857,0.881393033834383,0.8152081564235181,0.17355573060797805,0.21100629333169077
hagrid_28124,pulgar_arriba,val,118.29481956180236,113.47820706810586,10.827852429982379,69.18262556251878,164.60915727385637,2.0068114239351056,0.773146135967043,1.4418172313874507,0.41170914144926696,0.8201984700717547
hagrid_28125,pulgar_arriba,test,31.9305135634587,161.43147612562308,36.918741371513555,23.041637650327704,172.2992693351922,1.4724470653705566,0.8533859179497273,0.9738715985917598,0.7979035670063583,0.8163133509291317
hagrid_28126,pulgar_arriba,val,97.25026007424205,23.30161291033549,15.53893258077877,43.38401102363295,175.6590691257276,1.0738203082548579,0.8051511651117226,1.03202325182895,0.6650925208069661,0.6597918011367191
hagrid_28127,pulgar_arriba,test,163.8541112744293,73.40907605937042,12.54993920059967,37.92981691754519,173.21314566545598,1.676174021927628,1.0343054965581067,1.4724662417493857,0.8244761330655587,0.36221469347306334
hagrid_28128,pulgar_arriba,train,17.593722843403867,49.0246497010225,70.37298215690217,171.60570358552224,13.321756550653559,0.6599559955687656,0.5866858271310589,0.8086760172298278,-0.07447907793058091,0.11258445770190703
hagrid_28129,pulgar_arriba,train,140.54282462861048,22.342244932003045,1.4124189035196903,41.18994156107429,177.23005266300777,1.063438846842052,0.6180562288971598,0.8513852512253655,0.6337024874895003,0.8557907052931393
hagrid_28131,pulgar_arriba,train,67.80247122182854,56.530327160225106,31.495363589607464,80.67345742753874,70.50005370986665,1.1865416478035444,0.5398351593598996,0.48452010313205146,0.8009636453510783,1.1664084403510924
hagrid_28132,pulgar_arriba,train,22.587686763167046,45.25229482971088,46.46532729856905,44.352605581367655,114.90955915944198,1.0025584945084005,2.8111482539668207,0.1814633755415223,1.1713034335258854,0.9812888938999937
hagrid_28133,pulgar_arriba,test,86.08932712332417,69.56068917335766,32.51492259584616,36.592421292370425,92.36290032771878,1.1997592897957607,2.899565474941791,2.334401679821521,2.704000276693135,0.626450947736472
hagrid_28135,pulgar_arriba,train,10.526134843093194,12.903338110069956,28.72986594534094,26.589956906264774,159.5074353548376,1.1187638561849513,0.5830784704150048,1.025822236825745,-0.008568041884250014,0.5244537721233815
hagrid_28137,pulgar_arriba,train,20.1598189192281,23.93104519418592,143.6912195068596,68.51128099157185,46.8622279775367,1.3165817817689052,0.5596981827758636,0.9898805649696193,0.07118031783342695,1.0212857860352553
hagrid_28138,pulgar_arriba,train,177.8233455789454,3.686655130071956,24.181145123107925,115.63217933717961,27.207860664060075,4.082122166756275,0.7287170837671293,0.5174525624858525,1.8424830266113028,3.847465272396371
hagrid_28139,pulgar_arriba,val,134.8773771617264,144.4343679498149,50.61879364518302,28.538959418165224,36.73791749407811,0.7194440907585087,0.7796380539755726,0.9698845005626854,1.151792172200299,0.23416642854191652
hagrid_28141,pulgar_arriba,train,44.99900716799477,29.283068713923047,6.28761107196553,38.98530366343413,171.7299082902345,0.7660250337732416,0.9742874251274882,0.8690672186430027,0.42092341160027436,0.024444328126143663
hagrid_28142,pulgar_arriba,train,127.60273035251547,87.6300801448351,4.624731276069141,37.089811436626924,163.9715843736752,1.3188058542687153,1.1209490148755674,1.3351734893843812,0.8246149982382542,0.48421429450432735
hagrid_28143,pulgar_arriba,train,50.284004662058486,27.730049943725916,14.394119283773666,71.3917735346839,162.39033001291307,1.038241475458705,0.6030246552817443,0.5731728376570991,-0.009493473118340269,0.29620288074308704
hagrid_28144,pulgar_arriba,train,22.052860574931252,14.433353970811739,27.041749311098553,40.46183407835899,166.07308529139922,0.7198313519333728,0.5707276640520226,0.5609083328083948,-0.09008281056251222,0.10577400431398828
hagrid_28145,pulgar_arriba,test,17.107827540444582,168.70738177545323,85.39689396509687,8.853563147266941,174.80592179272537,1.551098416682327,0.7266683508338407,1.21090263353606,0.20596397200321095,0.8738499988017278
hagrid_28146,pulgar_arriba,train,2.754998545937989,36.17124184676074,67.08443733097782,21.749046523272085,165.96936783694278,1.0709264250793085,0.9681849842086049,0.9178428472711302,0.4120091946261069,0.4289117945600949
hagrid_28147,pulgar_arriba,val,139.23705396845165,0.9211006632359174,8.005016192949308,45.69244073215221,173.5445650864848,1.3526834785513853,0.80015637950044,1.2103845699627251,0.5577176598269469,0.7561099363491838
hagrid_28148,pulgar_arriba,train,47.35490946607027,57.43382794597535,21.77903559812105,7.977813164267878,154.3734737442845,0.692922719861668,0.7203659412170628,0.7165001148574934,0.5011617575160743,0.03206766133840578
hagrid_28149,pulgar_arriba,train,6.861932371280558,40.56274293028647,0.433577047002096,25.30361798485282,144.1399219417735,0.6337108999531679,0.698575041054696,0.6253850124657048,0.5457209720844286,0.3374789729377323
hagrid_28150,pulgar_arriba,train,77.03751334466641,132.55147957717557,120.53405629608332,137.8314037850748,178.35292660071744,0.7682799144048489,0.9469446742974039,1.762322378809527,-1.841291292256072,0.7098568986374716
cc_mano_en_menton_001,mano_en_menton,train,11.240066711147573,83.56785865858181,11.866163177213831,36.620750183731246,176.4946362256263,1.2911897816813451,0.3444824725997511,0.7775613292619297,0.2663568635137773,0.8336471400978867
cc_mano_en_menton_002,mano_en_menton,train,51.513587593218766,144.73994575787964,9.357885527319102,14.841409091610236,165.54050060480418,0.8064006682360565,0.17932622830750883,0.836919368582126,0.3789739815666371,0.184499668548124
cc_mano_en_menton_005,mano_en_menton,train,7.052565110544003,68.44437829413366,53.52966131276131,28.553114346796207,162.2529937204983,1.0426976449911325,0.28739909281218345,0.9952494152340297,0.1798201676261724,0.4056607840348284
cc_mano_en_menton_007,mano_en_menton,train,23.491541841457387,27.700856578162576,30.584725949450846,16.75904367862365,169.00173186016943,0.6114268810124669,0.24449412082948802,0.7496601648372408,0.2385048375864011,0.194025888547667
cc_mano_en_menton_008,mano_en_menton,train,142.01072212312044,135.98316131789028,15.134378134508916,32.212800275441474,159.79198588829223,1.8881484526184054,1.3775077671823366,1.7203022570794682,1.245203819435743,0.571303319514806
cc_mano_en_menton_009,mano_en_menton,val,55.89761888238073,10.857944102818552,11.820230828269265,31.481722274353505,156.88948140698676,0.3414509979686736,0.2725008778714204,0.38585018353332334,0.2366035678280539,0.0678116024390138
cc_mano_en_menton_011,mano_en_menton,train,92.37074670503198,22.768521986305164,1.2958745905279363,5.910466677025419,178.32337677313777,1.120886574861131,0.2860539577579055,0.6272452356614228,0.4396880622587062,1.1173536915944162
cc_mano_en_menton_013,mano_en_menton,train,119.9894039871674,41.74416752460433,20.031443651902347,47.10643918613181,175.7613240324826,0.2541228818644389,0.7807920117793657,0.6365356399615657,0.5282955275630845,0.21368539415790358
cc_mano_en_menton_021,mano_en_menton,train,135.80977319821963,2.0303964848561873,33.86712200745543,16.294948872305067,168.94796289637975,1.62009087063358,0.6553212902707138,1.0896818178029326,0.3858236351472213,0.42759823113203116
cc_mano_en_menton_022,mano_en_menton,test,84.07125057683422,75.40318406372118,19.158318213063595,7.999083373365705,122.2653603765987,0.5837987815833051,0.2022875080416251,0.9024801080013612,0.5124175091247746,0.08329581961495139
cc_mano_en_menton_024,mano_en_menton,val,86.65827141314823,4.902364490004796,10.969108825658752,11.565116651236906,77.5820244040413,0.8265904221636295,0.22613946120842124,0.9402091790212372,0.4583451076033548,0.29467254175789986
cc_manos_juntas_003,manos_juntas,train,38.980561043810745,12.452280131042293,14.279579966001991,23.49716157207982,150.7168452430405,0.7195265776787652,0.5745557015150162,0.6832781563665957,0.35524186985050193,0.14295857465719727
cc_manos_juntas_005,manos_juntas,train,48.92411663918335,177.0363157395238,28.081937029691165,17.713540510644584,159.4048260508845,1.3253682500513333,0.5899757141135271,1.0809939564997335,0.5042939667445508,0.39645320326119765
cc_manos_juntas_030,manos_juntas,train,14.320202111734199,12.873453090036342,10.529613847494787,22.022830028631912,177.33403302163143,0.7389462495519755,0.4425675637931244,0.8456859238631842,0.05894617434176638,0.15468767166736835
cc_manos_juntas_031,manos_juntas,test,86.90961721280173,177.52109224905197,18.943416040887147,41.6267241272201,170.30461237403483,1.4897345168406988,1.7729070701104945,1.038275100882343,1.1024633866748363,0.3064292264819673
cc_manos_juntas_034,manos_juntas,train,59.19603561457539,176.9247843885888,15.750844467176869,7.170085792232758,172.21790337244903,1.3884830877635845,1.4924007668981838,1.3424130694875729,0.7046147125357749,0.25107839401023996
cc_manos_juntas_038,manos_juntas,train,9.462406802519157,85.08428866122044,32.44207925531377,4.940737655246672,167.29677597404603,1.1012877140510533,1.0182508194222029,1.0879069182714864,0.5268421660273521,0.6017204264851264
cc_senalamiento_001,senalamiento,train,174.6541216952989,173.81424050384305,173.93547450850176,73.22659039529316,166.55030437392006,3.0130779138727566,0.976054517532699,1.7924868305041384,-0.38610770316792836,1.9052266608748587
cc_senalamiento_002,senalamiento,train,173.31413010486446,39.59653023039662,8.58193378554584,28.01784799664978,178.09428763351372,1.5671280308912432,0.9073701235448228,1.2320900787102729,1.031316333049948,0.786879311761583
cc_senalamiento_004,senalamiento,train,4.435917571680191,143.93586490491313,41.08224609294688,129.23820465508854,176.02661090249723,1.3235702691869546,0.10298345095491256,0.792764407088173,-0.4462391677999447,1.2808212583230685
cc_senalamiento_008,senalamiento,val,4.1538608546912,179.20945442012442,10.81726085119436,4.619738092082268,177.68760202090908,1.7429521019096297,0.8223268380878809,1.1249593879332513,0.8640876716047361,1.2529574329215925
cc_senalamiento_010,senalamiento,train,166.82579254507473,176.13270592414366,86.56889179467707,5.026265908045136,155.14192458287565,2.6004784062620088,1.3560544067743343,1.5078358200273803,0.49860191658232633,1.3033020281859444
cc_senalamiento_013,senalamiento,train,157.14652904223007,25.434021561471635,91.25725068705667,23.623401940528282,145.0843589129839,2.0796200251651022,0.6586874944460319,0.763733303894087,-0.11112662575641923,0.3916202027734683
cc_senalamiento_016,senalamiento,test,24.558163818337604,115.8002104648364,14.071448887600265,42.955638289448196,163.94733646460682,1.5834583874908066,0.6471384402151406,0.9488278729331938,0.8145501160731758,1.0330373728726288
cc_senalamiento_030,senalamiento,train,155.9788360309392,148.18253363037906,164.15552152289362,145.27982474374753,113.20483581416583,0.489629706214496,3.8990657259746135,3.8750986258462645,-4.10212618330218,0.18152741813323786
cc_senalamiento_039,senalamiento,train,12.635397219212255,17.88884327460191,33.50312764963253,9.09322566754279,173.02128475305068,0.6810382057154191,0.2968354482110286,0.820617027050243,0.08982136649673873,0.15091305466038016
cc_neutral_001,neutral,train,139.2960942039324,70.19297926741504,17.418885874000257,17.9402971430205,172.29669009967068,0.9017356729795483,1.687519703148694,1.7569539733818853,1.4673880624794997,0.8208385499000153
cc_neutral_006,neutral,train,124.66180317032749,97.3757306966858,0.38451574346556544,12.58884801815459,171.02884110013778,0.6621250800213412,0.961488087197475,1.1270522747068843,0.8527871414389012,0.09891493659207393
cc_neutral_007,neutral,train,175.99048581799207,170.2480054560424,11.74032378951306,13.132323412916888,137.27768437708752,1.5636418252304458,1.4637239186787008,1.7142396381753893,1.4837062700549069,0.47832885156163824
cc_neutral_009,neutral,val,178.60798276270205,170.4624905464537,15.09774287185495,8.383487717449988,150.18046156362465,1.959218735977801,2.7832137373316184,2.227365526186555,2.292614047090747,1.0722882415840431
cc_neutral_016,neutral,train,163.12686311655725,108.60950313597719,16.48067502589852,17.257496757025898,177.24623459189803,1.238522239390644,1.1776400438271275,1.2949758931209716,1.0694850708815002,0.3968867801876378
cc_neutral_025,neutral,test,73.87977726801786,68.36407685568402,13.040277459068228,7.784398890747375,148.83028035963605,0.42978594192435104,1.2670013212416424,0.9834672806031765,0.8122605367256869,0.1627492039211013
cc_neutral_029,neutral,train,120.67933310434795,33.16376859030109,35.41018817202828,62.37408276676696,178.00652111001205,1.698421644800557,0.5502347442052788,1.109197200569508,0.052948679256853336,0.7919419915704761
cc_neutral_031,neutral,train,24.230437619582165,65.32413010951724,44.72568022531988,5.324457773201739,176.04706875652374,1.18067205845093,0.9885810519736123,0.9652227597326286,0.38447102134459943,0.478899610606243
cc_neutral_032,neutral,train,122.60570682606972,84.34578638971048,14.272187302211144,2.1667354394006884,156.11102443484435,0.6618357829150828,0.9089037649184929,0.793647942613076,0.9052525642765707,0.4250597654982926
cc_neutral_037,neutral,train,149.08390495468532,24.984211150042892,26.164744234815924,12.395667325520144,167.6191505610014,1.3916560210551492,0.381998655346913,0.8945370077938116,0.6607963990954133,0.836124252897134
cc_neutral_040,neutral,val,160.78488527804706,156.2232662716796,158.9195507099598,148.82242514666888,155.00373849742897,2.812962696259378,7.273765213837126,13.080293425264092,-12.750765173763039,0.22175452841429869
cc_zen_005,zen,train,158.70844486901456,175.14186494871444,173.4695990175551,175.4936482815271,144.74231817948305,0.8921285474825464,2.3652210569759426,2.939969647171578,-3.115990544359988,0.2819878812907
cc_zen_007,zen,train,82.24711402814943,84.52751668222285,23.853274536971547,20.505588272452155,179.28159717900385,0.5527256393796417,1.4966927692210212,1.118747795064113,0.8308045591537961,0.012619647543099197
cc_zen_012,zen,train,103.8328794123405,156.77392697184524,24.183977277017835,17.478404757543633,170.61698971011492,1.5550034351602522,1.7387347798666752,1.5109562248337076,0.9767678347458406,0.04118010306319252
cc_zen_017,zen,val,147.01183509672884,118.31910857789546,1.6217722663886127,3.001114393758527,141.18414509881097,0.11088197866503127,6.398791919075166,4.80375929624333,4.588642722484831,0.11054316042542131
cc_zen_019,zen,train,171.40659239044757,121.79927560094102,6.027083898093151,2.3057336690412256,145.56027067495558,0.4612983823513005,2.4824805405579204,2.257049682916754,2.0669392154729715,0.2556247404449292
cc_zen_023,zen,test,12.736591441428896,55.159677270425306,35.6947442973906,40.2417724356649,166.51839564011345,2.1115720822435406,1.1983559173245353,1.357385225169928,0.04295722662142228,0.4498610168794105
cc_zen_030,zen,train,5.9823473114485655,36.1179442925064,23.630344415167325,49.84894756140399,175.96763045893087,1.7789357888700463,1.009682192183834,1.236861529291191,0.3889915173027073,0.05017859306145293
cc_zen_032,zen,train,131.9629922229109,120.40276141117198,14.144260643813007,5.472405369658621,150.4872404751315,0.6954729583840408,3.3671116439136903,2.319072095845508,2.5176247797300366,0.47135598346105023
cc_zen_034,zen,train,153.46090930956035,168.32878421600415,8.407212339088991,14.98401376251294,178.03023158569997,2.122918806550134,1.8930266604130261,2.144191067994195,1.48330974773502,0.02785142191098219
cc_zen_037,zen,test,162.84979743802722,107.38488253419129,9.507107992392696,0.676955890615064,127.94354895216394,1.21622001726204,1.1942511605686494,1.4448830428312045,1.2548388924914262,0.058873287733637446
cc_pensando_001,pensando,train,20.80844026857709,49.44880717395412,56.029018069066176,24.673515376179495,166.34783026520213,1.7900687643434778,1.0830000193610363,1.2523405088685189,0.1074237299928096,0.1848016295364063
cc_pensando_007,pensando,train,148.42335372267593,104.15682829123871,14.531838637370445,63.422009812045424,166.34579202398507,1.8116250663374784,1.0283330282179741,1.2429506165306496,0.3981025307461153,0.5856077500869417
cc_pensando_011,pensando,val,27.057413708543145,34.302656456482154,0.2041677959199346,2.2138616902677266,168.70639485800027,0.29825337716825495,0.4670540332568963,0.6369252104050462,0.291157390370175,0.05679531469026163
cc_pensando_013,pensando,train,26.603700938091634,126.8059368326691,30.98540461077775,20.418947419501652,127.19571306644224,1.9413804590593582,1.3280244791062563,1.6897909516173029,1.1110600324182405,0.7721627002009747
cc_pensando_021,pensando,train,90.2944817362335,55.510457222875054,8.639966736683371,14.610181898100551,178.68484188797214,0.6559142763524313,0.7314501524627739,0.9197495302754601,0.5277443844262244,0.08501628227442089
cc_pensando_025,pensando,test,21.40704191454117,24.012310532933487,9.417131719615318,10.51359469437409,163.04983817756212,0.35992436460566,0.39462476754125125,0.6312734320808914,0.14279843068055673,0.10882645266935961
cc_pensando_028,pensando,train,48.825578893599086,75.21848337650665,36.95091043910916,20.866377717804777,135.4018576885886,1.082228828730989,1.0189110723124117,1.1918476020633044,0.6744290838555901,0.08016998973567832
cc_pensando_029,pensando,train,154.88788218726697,57.60743749892019,24.41403757084333,22.508623696300965,170.00270600982083,2.998460003924676,3.05935307172242,0.4198467902244273,1.301627557162702,2.5502995687745096
cc_pensando_035,pensando,test,66.16009636396961,43.86071690064225,15.248323148661871,20.63140639267071,178.3405480294774,0.515632403859023,0.5088026752118152,0.7614809206991368,0.4257969838640817,0.16335686905569216
cc_pensando_036,pensando,test,119.99486338090169,165.7849346384155,4.829558110784461,15.592963026122552,152.42823901080652,1.5783360087468057,2.220404799253419,1.4899133385607732,1.8809847101425514,0.7715310499866368
cc_pensando_037,pensando,train,64.39408411402503,25.366480672611758,13.446912829824491,5.628527370766578,156.244745797751,0.42804888954318665,0.42800723479508185,0.709234835205311,0.478326725241554,0.42384678582059354
cc_brazos_cruzados_006,brazos_cruzados,train,178.78227196630553,141.6926717109502,16.344048271328585,5.674250321290475,164.81403063327332,1.0601264119442342,1.6929838419178915,1.4315899758405033,1.4537880703061195,0.23895158814571765
cc_brazos_cruzados_009,brazos_cruzados,train,44.846661485923136,70.4099437349668,0.2884334274341857,10.134110360403591,177.3510326724793,0.4292578458604659,0.28843818534658694,0.5052621708609171,0.34354411996131345,0.42266725329591237
cc_brazos_cruzados_013,brazos_cruzados,test,16.61028864659931,75.32753426420693,55.30517159258072,34.62157297806996,126.49718471869961,0.9367327251104534,0.8037777990529695,0.7651758386161487,0.23226204725856686,0.36322707114975417
cc_brazos_cruzados_017,brazos_cruzados,train,68.7036197216368,81.82942771163809,4.247103699214897,8.849725641253634,162.82360680903207,0.2967177344494857,0.8962781316821283,0.8704111303348114,0.8368891087945292,0.12915899183682905
cc_brazos_cruzados_018,brazos_cruzados,val,64.47091263728315,57.81193461701993,1.6451428292645887,2.8074186941854298,175.95561973243738,0.3417694216985732,0.7201907031128955,0.4246119536559821,0.48080814190985355,0.3401374038557854
cc_brazos_cruzados_021,brazos_cruzados,train,125.40529908424513,170.7733688871417,39.10313369921055,22.39037739493975,172.90654305216574,1.5486389749765945,0.9446374134549168,1.4310974227691582,0.7145400686896585,0.03991037986688511
cc_brazos_cruzados_022,brazos_cruzados,val,104.49793781007966,125.1517480407243,14.255676556196919,17.38194439651197,168.44767791623036,0.1987921266296132,1.238339165092086,1.1037026008386617,0.9493048712469127,0.15585481393832945
cc_brazos_cruzados_027,brazos_cruzados,train,60.47485865101576,56.272994704772294,4.618856090578719,16.40873532920181,174.77831923951499,0.31361630294062853,0.6798029710334864,0.6425285238628404,0.6123147595383507,0.21590185953752236
cc_brazos_cruzados_028,brazos_cruzados,train,69.80337991497301,46.97043645516013,3.276208339538517,9.678793373365664,168.84657484518496,0.2324094257890346,0.7653395810980641,0.5920875809234993,0.5307718291547026,0.18315164614198454
cc_brazos_cruzados_038,brazos_cruzados,train,62.66959370153997,96.8020960508423,32.67021113105485,13.418939574432184,146.31388894388698,0.34590249231049214,0.864306868133769,0.9717246261430729,0.7094761523169748,0.32106827304294105
cc_brazos_abiertos_011,brazos_abiertos,train,149.79831480798734,122.96690741088923,126.91159072302277,53.67980437994737,172.18463131635164,3.0486359656669433,1.4750375666872855,1.9177512500588687,-0.5226321371916121,1.4988612755248458
cc_brazos_abiertos_014,brazos_abiertos,train,163.552876403406,165.17769889127214,83.07582951371127,76.03113389620366,163.44624759263525,3.9790668539627227,1.8112009400005993,2.4644321320728584,0.0731893280424293,0.19904750197367907
cc_brazos_abiertos_019,brazos_abiertos,val,24.792727848496238,76.75268033032192,35.48241943829386,33.46050970066994,172.79590608276004,2.1743267238949184,1.0012496066521457,1.317907678370159,0.14163622139456547,0.39540788891801826
cc_brazos_abiertos_024,brazos_abiertos,train,177.14622376185793,120.95150197915098,113.71120112200678,68.85763503703868,152.69440347804587,2.5154262864188683,2.4876239999750993,1.2820040490953395,-1.1800247501437324,1.5985868113868562
cc_brazos_abiertos_025,brazos_abiertos,train,145.03207409181422,153.41446102231728,89.21284967981798,84.22119014453753,168.4753261016203,3.1678156218180042,1.3085687701499686,1.88602763985355,-0.23223052461818883,0.015849843340543915
cc_brazos_abiertos_034,brazos_abiertos,train,8.806097180994298,161.56001635855844,17.592894851962246,17.59599505387972,143.82320306546538,1.8244680858221372,0.9531658416040367,1.102933014629103,0.20297884256417503,1.286976291613376
cc_brazos_abiertos_035,brazos_abiertos,val,168.9552629975978,169.3761485650454,161.96003145533126,156.23648827587243,178.2056617427118,2.2751841524441794,1.8346861253246722,2.3282368386855583,-1.65618919706971,0.07773909585105118
cc_brazos_abiertos_036,brazos_abiertos,test,114.05776063797808,171.33628490417593,102.28490506673467,19.207291306899535,179.37324274331405,2.8752586203411337,1.170433744292522,1.8720302842569025,0.2598282974707026,2.159183140066533
cc_brazos_abiertos_039,brazos_abiertos,train,171.0019464793402,177.98016694397754,104.22117392114576,80.24932947156455,159.44597220663417,3.5579995723821725,1.6987160898273879,2.235576210049101,-0.00011724971086797367,0.3740158297786731
